Model,Accuracy (%),Precision (%),Recall (%),F1-Score (%),ROC-AUC,Pred Time (s),Peak Mem (KB)
Logistic Regression,92.19,93.12,93.17,93.15,0.9777,0.000874,75.98
Naive Bayes,58.37,99.42,27.05,42.53,0.9647,0.005044,1635.64
KNN,90.41,90.06,93.49,91.74,0.965,1.882197,14135.13
Decision Tree,95.12,95.52,95.92,95.72,0.9713,0.002637,494.53
Random Forest,92.92,92.72,95.4,91.8,0.9807,0.0219,533.95
SVM,94.08,94.68,96.03,95.35,0.9861,0.702549,813.06
XGBoost,96.99,96.42,98.31,97.36,0.996,0.003034,51.3
